Date,Name of State / UT,Total Confirmed cases (Indian National),Total Confirmed cases ( Foreign National ),Cured/Discharged/Migrated,Latitude,Longitude,Death,Total Confirmed cases
10-04-2020,Andaman and Nicobar Islands,0,0,0,11.7401,92.6586,0,11
10-04-2020,Andhra Pradesh,0,0,6,15.9129,79.74,4,348
10-04-2020,Arunachal Pradesh,0,0,0,28.218,94.7278,0,1
10-04-2020,Assam,0,0,0,26.2006,92.9376,0,29
10-04-2020,Bihar,0,0,0,25.0961,85.3131,1,39
10-04-2020,Chandigarh,0,0,7,30.7333,76.7794,0,18
10-04-2020,Chhattisgarh,0,0,9,21.2787,81.8661,0,10
10-04-2020,Delhi,0,0,25,28.7041,77.1025,12,720
10-04-2020,Goa,0,0,0,15.2993,74.124,0,7
10-04-2020,Gujarat,0,0,26,22.2587,71.1924,17,241
10-04-2020,Haryana,0,0,29,29.0588,76.0856,3,169
10-04-2020,Himachal Pradesh,0,0,2,31.1048,77.1734,1,18
10-04-2020,Jammu and Kashmir,0,0,4,33.7782,76.5762,4,158
10-04-2020,Jharkhand,0,0,0,23.6102,85.2799,1,13
10-04-2020,Karnataka,0,0,28,15.3173,75.7139,5,181
10-04-2020,Kerala,0,0,96,10.8505,76.2711,2,357
10-04-2020,Ladakh,0,0,10,34.2996,78.2932,0,15
10-04-2020,Madhya Pradesh,0,0,0,22.9734,78.6569,16,259
10-04-2020,Maharashtra,0,0,125,19.7515,75.7139,97,1364
10-04-2020,Manipur,0,0,1,24.6637,93.9063,0,2
10-04-2020,Mizoram,0,0,0,23.1645,92.9376,0,1
10-04-2020,Odisha,0,0,2,20.9517,85.0985,1,44
10-04-2020,Puducherry,0,0,1,11.9416,79.8083,0,5
10-04-2020,Punjab,0,0,4,31.1471,75.3412,8,101
10-04-2020,Rajasthan,0,0,21,27.0238,74.2179,3,463
10-04-2020,Tamil Nadu,0,0,21,11.1271,78.6569,8,834
10-04-2020,Telengana,0,0,35,18.1124,79.0193,7,442
10-04-2020,Tripura,0,0,0,23.9408,91.9882,0,1
10-04-2020,Uttar Pradesh,0,0,31,26.8467,80.9462,4,410
10-04-2020,Uttarakhand,0,0,5,30.0668,79.0193,0,35
10-04-2020,West Bengal,0,0,16,22.9868,87.855,5,116
09-04-2020,Andaman and Nicobar Islands,0,0,0,11.7401,92.6586,0,11
09-04-2020,Andhra Pradesh,0,0,6,15.9129,79.74,4,348
09-04-2020,Arunachal Pradesh,0,0,0,28.218,94.7278,0,1
09-04-2020,Assam,0,0,0,26.2006,92.9376,0,28
09-04-2020,Bihar,0,0,0,25.0961,85.3131,1,38
09-04-2020,Chandigarh,0,0,7,30.7333,76.7794,0,18
09-04-2020,Chhattisgarh,0,0,9,21.2787,81.8661,0,10
09-04-2020,Delhi,0,0,21,28.7041,77.1025,9,669
09-04-2020,Goa,0,0,0,15.2993,74.124,0,7
09-04-2020,Gujarat,0,0,25,22.2587,71.1924,16,179
09-04-2020,Haryana,0,0,28,29.0588,76.0856,3,147
09-04-2020,Himachal Pradesh,0,0,2,31.1048,77.1734,1,18
09-04-2020,Jammu and Kashmir,0,0,4,33.7782,76.5762,4,158
09-04-2020,Jharkhand,0,0,0,23.6102,85.2799,0,4
09-04-2020,Karnataka,0,0,28,15.3173,75.7139,5,181
09-04-2020,Kerala,0,0,83,10.8505,76.2711,2,345
09-04-2020,Ladakh,0,0,10,34.2996,78.2932,0,14
09-04-2020,Madhya Pradesh,0,0,0,22.9734,78.6569,13,229
09-04-2020,Maharashtra,0,0,117,19.7515,75.7139,72,1135
09-04-2020,Manipur,0,0,1,24.6637,93.9063,0,1
09-04-2020,Mizoram,0,0,0,23.1645,92.9376,0,1
09-04-2020,Odisha,0,0,2,20.9517,85.0985,1,42
09-04-2020,Puducherry,0,0,1,11.9416,79.8083,0,5
09-04-2020,Punjab,0,0,4,31.1471,75.3412,8,101
09-04-2020,Rajasthan,0,0,21,27.0238,74.2179,3,381
09-04-2020,Tamil Nadu,0,0,21,11.1271,78.6569,8,738
09-04-2020,Telengana,0,0,35,18.1124,79.0193,7,427
09-04-2020,Tripura,0,0,0,23.9408,91.9882,0,1
09-04-2020,Uttar Pradesh,0,0,27,26.8467,80.9462,4,361
09-04-2020,Uttarakhand,0,0,5,30.0668,79.0193,0,33
09-04-2020,West Bengal,0,0,16,22.9868,87.855,5,103
08-04-2020,Andaman and Nicobar Islands,0,0,0,11.7401,92.6586,0,10
08-04-2020,Andhra Pradesh,0,0,1,15.9129,79.74,4,305
08-04-2020,Arunachal Pradesh,0,0,0,28.218,94.7278,0,1
08-04-2020,Assam,0,0,0,26.2006,92.9376,0,27
08-04-2020,Bihar,0,0,0,25.0961,85.3131,1,38
08-04-2020,Chandigarh,0,0,7,30.7333,76.7794,0,18
08-04-2020,Chhattisgarh,0,0,9,21.2787,81.8661,0,10
08-04-2020,Delhi,0,0,21,28.7041,77.1025,9,576
08-04-2020,Goa,0,0,0,15.2993,74.124,0,7
08-04-2020,Gujarat,0,0,25,22.2587,71.1924,13,165
08-04-2020,Haryana,0,0,28,29.0588,76.0856,3,147
08-04-2020,Himachal Pradesh,0,0,2,31.1048,77.1734,1,18
08-04-2020,Jammu and Kashmir,0,0,4,33.7782,76.5762,2,116
08-04-2020,Jharkhand,0,0,0,23.6102,85.2799,0,4
08-04-2020,Karnataka,0,0,25,15.3173,75.7139,4,175
08-04-2020,Kerala,0,0,70,10.8505,76.2711,2,336
08-04-2020,Ladakh,0,0,10,34.2996,78.2932,0,14
08-04-2020,Madhya Pradesh,0,0,0,22.9734,78.6569,13,229
08-04-2020,Maharashtra,0,0,79,19.7515,75.7139,64,1018
08-04-2020,Manipur,0,0,0,24.6637,93.9063,0,2
08-04-2020,Mizoram,0,0,0,23.1645,92.9376,0,1
08-04-2020,Odisha,0,0,2,20.9517,85.0985,1,42
08-04-2020,Puducherry,0,0,1,11.9416,79.8083,0,5
08-04-2020,Punjab,0,0,4,31.1471,75.3412,7,91
08-04-2020,Rajasthan,0,0,21,27.0238,74.2179,3,328
08-04-2020,Tamil Nadu,0,0,19,11.1271,78.6569,7,690
08-04-2020,Telengana,0,0,35,18.1124,79.0193,7,364
08-04-2020,Tripura,0,0,0,23.9408,91.9882,0,1
08-04-2020,Uttar Pradesh,0,0,21,26.8467,80.9462,3,326
08-04-2020,Uttarakhand,0,0,5,30.0668,79.0193,0,31
08-04-2020,West Bengal,0,0,13,22.9868,87.855,5,99
07-04-2020,Andaman and Nicobar Islands,0,0,0,11.7401,92.6586,0,10
07-04-2020,Andhra Pradesh,0,0,1,15.9129,79.74,3,266
07-04-2020,Arunachal Pradesh,0,0,0,28.218,94.7278,0,1
07-04-2020,Assam,0,0,0,26.2006,92.9376,0,26
07-04-2020,Bihar,0,0,0,25.0961,85.3131,1,32
07-04-2020,Chandigarh,0,0,0,30.7333,76.7794,0,18
07-04-2020,Chhattisgarh,0,0,8,21.2787,81.8661,0,10
07-04-2020,Delhi,0,0,19,28.7041,77.1025,7,523
07-04-2020,Goa,0,0,0,15.2993,74.124,0,7
07-04-2020,Gujarat,0,0,22,22.2587,71.1924,12,144
07-04-2020,Haryana,0,0,25,29.0588,76.0856,1,90
07-04-2020,Himachal Pradesh,0,0,2,31.1048,77.1734,1,13
07-04-2020,Jammu and Kashmir,0,0,4,33.7782,76.5762,2,109
07-04-2020,Jharkhand,0,0,0,23.6102,85.2799,0,4
07-04-2020,Karnataka,0,0,12,15.3173,75.7139,4,151
07-04-2020,Kerala,0,0,58,10.8505,76.2711,2,327
07-04-2020,Ladakh,0,0,10,34.2996,78.2932,0,14
07-04-2020,Madhya Pradesh,0,0,0,22.9734,78.6569,9,165
07-04-2020,Maharashtra,0,0,56,19.7515,75.7139,45,748
07-04-2020,Manipur,0,0,0,24.6637,93.9063,0,2
07-04-2020,Mizoram,0,0,0,23.1645,92.9376,0,1
07-04-2020,Odisha,0,0,2,20.9517,85.0985,0,21
07-04-2020,Puducherry,0,0,1,11.9416,79.8083,0,5
07-04-2020,Punjab,0,0,4,31.1471,75.3412,6,76
07-04-2020,Rajasthan,0,0,21,27.0238,74.2179,3,288
07-04-2020,Tamil Nadu,0,0,8,11.1271,78.6569,5,621
07-04-2020,Telengana,0,0,34,18.1124,79.0193,7,321
07-04-2020,Tripura,0,0,0,23.9408,91.9882,0,1
07-04-2020,Uttar Pradesh,0,0,21,26.8467,80.9462,3,305
07-04-2020,Uttarakhand,0,0,5,30.0668,79.0193,0,31
07-04-2020,West Bengal,0,0,13,22.9868,87.855,3,91
06-04-2020,Andaman and Nicobar Islands,0,0,0,11.7401,92.6586,0,10
06-04-2020,Andhra Pradesh,0,0,1,15.9129,79.74,3,226
06-04-2020,Arunachal Pradesh,0,0,0,28.218,94.7278,0,1
06-04-2020,Assam,0,0,0,26.2006,92.9376,0,26
06-04-2020,Bihar,0,0,0,25.0961,85.3131,1,30
06-04-2020,Chandigarh,0,0,0,30.7333,76.7794,0,18
06-04-2020,Chhattisgarh,0,0,3,21.2787,81.8661,0,9
06-04-2020,Delhi,0,0,18,28.7041,77.1025,7,503
06-04-2020,Goa,0,0,0,15.2993,74.124,0,7
06-04-2020,Gujarat,0,0,18,22.2587,71.1924,11,122
06-04-2020,Haryana,0,0,25,29.0588,76.0856,1,84
06-04-2020,Himachal Pradesh,0,0,1,31.1048,77.1734,1,13
06-04-2020,Jammu and Kashmir,0,0,4,33.7782,76.5762,2,106
06-04-2020,Jharkhand,0,0,0,23.6102,85.2799,0,3
06-04-2020,Karnataka,0,0,12,15.3173,75.7139,4,151
06-04-2020,Kerala,0,0,55,10.8505,76.2711,2,314
06-04-2020,Ladakh,0,0,10,34.2996,78.2932,0,14
06-04-2020,Madhya Pradesh,0,0,0,22.9734,78.6569,9,165
06-04-2020,Maharashtra,0,0,42,19.7515,75.7139,45,690
06-04-2020,Manipur,0,0,0,24.6637,93.9063,0,2
06-04-2020,Mizoram,0,0,0,23.1645,92.9376,0,1
06-04-2020,Odisha,0,0,2,20.9517,85.0985,0,21
06-04-2020,Puducherry,0,0,1,11.9416,79.8083,0,5
06-04-2020,Punjab,0,0,4,31.1471,75.3412,6,68
06-04-2020,Rajasthan,0,0,21,27.0238,74.2179,0,253
06-04-2020,Tamil Nadu,0,0,8,11.1271,78.6569,5,571
06-04-2020,Telengana,0,0,34,18.1124,79.0193,7,321
06-04-2020,Uttar Pradesh,0,0,19,26.8467,80.9462,2,227
06-04-2020,Uttarakhand,0,0,4,30.0668,79.0193,0,26
06-04-2020,West Bengal,0,0,10,22.9868,87.855,3,80
05-04-2020,Andaman and Nicobar Islands,0,0,0,11.7401,92.6586,0,10
05-04-2020,Andhra Pradesh,0,0,1,15.9129,79.74,1,161
05-04-2020,Arunachal Pradesh,0,0,0,28.218,94.7278,0,1
05-04-2020,Assam,0,0,0,26.2006,92.9376,0,24
05-04-2020,Bihar,0,0,0,25.0961,85.3131,1,30
05-04-2020,Chandigarh,0,0,0,30.7333,76.7794,0,18
05-04-2020,Chhattisgarh,0,0,3,21.2787,81.8661,0,9
05-04-2020,Delhi,0,0,15,28.7041,77.1025,6,445
05-04-2020,Goa,0,0,0,15.2993,74.124,0,7
05-04-2020,Gujarat,0,0,14,22.2587,71.1924,10,105
05-04-2020,Haryana,0,0,24,29.0588,76.0856,0,49
05-04-2020,Himachal Pradesh,0,0,1,31.1048,77.1734,1,6
05-04-2020,Jammu and Kashmir,0,0,4,33.7782,76.5762,2,92
05-04-2020,Jharkhand,0,0,0,23.6102,85.2799,0,2
05-04-2020,Karnataka,0,0,12,15.3173,75.7139,4,144
05-04-2020,Kerala,0,0,49,10.8505,76.2711,2,306
05-04-2020,Ladakh,0,0,10,34.2996,78.2932,0,14
05-04-2020,Madhya Pradesh,0,0,0,22.9734,78.6569,6,104
05-04-2020,Maharashtra,0,0,42,19.7515,75.7139,24,490
05-04-2020,Manipur,0,0,0,24.6637,93.9063,0,2
05-04-2020,Mizoram,0,0,0,23.1645,92.9376,0,1
05-04-2020,Odisha,0,0,0,20.9517,85.0985,0,20
05-04-2020,Puducherry,0,0,1,11.9416,79.8083,0,5
05-04-2020,Punjab,0,0,1,31.1471,75.3412,5,57
05-04-2020,Rajasthan,0,0,21,27.0238,74.2179,0,200
05-04-2020,Tamil Nadu,0,0,6,11.1271,78.6569,3,485
05-04-2020,Telengana,0,0,32,18.1124,79.0193,7,269
05-04-2020,Uttar Pradesh,0,0,19,26.8467,80.9462,2,227
05-04-2020,Uttarakhand,0,0,2,30.0668,79.0193,0,22
05-04-2020,West Bengal,0,0,10,22.9868,87.855,3,69
04-04-2020,Andaman and Nicobar Islands,0,0,0,11.7401,92.6586,0,10
04-04-2020,Andhra Pradesh,0,0,1,15.9129,79.74,1,161
04-04-2020,Arunachal Pradesh,0,0,0,28.218,94.7278,0,1
04-04-2020,Assam,0,0,0,26.2006,92.9376,0,24
04-04-2020,Bihar,0,0,0,25.0961,85.3131,1,29
04-04-2020,Chandigarh,0,0,0,30.7333,76.7794,0,18
04-04-2020,Chhattisgarh,0,0,3,21.2787,81.8661,0,9
04-04-2020,Delhi,0,0,8,28.7041,77.1025,6,386
04-04-2020,Goa,0,0,0,15.2993,74.124,0,6
04-04-2020,Gujarat,0,0,10,22.2587,71.1924,9,95
04-04-2020,Haryana,0,0,24,29.0588,76.0856,0,49
04-04-2020,Himachal Pradesh,0,0,1,31.1048,77.1734,1,6
04-04-2020,Jammu and Kashmir,0,0,3,33.7782,76.5762,2,75
04-04-2020,Jharkhand,0,0,0,23.6102,85.2799,0,2
04-04-2020,Karnataka,0,0,12,15.3173,75.7139,3,128
04-04-2020,Kerala,0,0,41,10.8505,76.2711,2,295
04-04-2020,Ladakh,0,0,3,34.2996,78.2932,0,14
04-04-2020,Madhya Pradesh,0,0,0,22.9734,78.6569,6,104
04-04-2020,Maharashtra,0,0,42,19.7515,75.7139,19,423
04-04-2020,Manipur,0,0,0,24.6637,93.9063,0,2
04-04-2020,Mizoram,0,0,0,23.1645,92.9376,0,1
04-04-2020,Odisha,0,0,0,20.9517,85.0985,0,5
04-04-2020,Puducherry,0,0,1,11.9416,79.8083,0,5
04-04-2020,Punjab,0,0,1,31.1471,75.3412,5,53
04-04-2020,Rajasthan,0,0,3,27.0238,74.2179,0,179
04-04-2020,Tamil Nadu,0,0,6,11.1271,78.6569,1,411
04-04-2020,Telengana,0,0,1,18.1124,79.0193,7,158
04-04-2020,Uttar Pradesh,0,0,19,26.8467,80.9462,2,174
04-04-2020,Uttarakhand,0,0,2,30.0668,79.0193,0,16
03-04-2020,Andaman and Nicobar Islands,0,0,0,11.7401,92.6586,0,10
03-04-2020,Andhra Pradesh,0,0,1,15.9129,79.74,1,132
03-04-2020,Arunachal Pradesh,0,0,0,28.218,94.7278,0,1
03-04-2020,Assam,0,0,0,26.2006,92.9376,0,16
03-04-2020,Bihar,0,0,0,25.0961,85.3131,1,24
03-04-2020,Chandigarh,0,0,0,30.7333,76.7794,0,18
03-04-2020,Chhattisgarh,0,0,2,21.2787,81.8661,0,9
03-04-2020,Delhi,0,0,8,28.7041,77.1025,4,219
03-04-2020,Goa,0,0,0,15.2993,74.124,0,6
03-04-2020,Gujarat,0,0,8,22.2587,71.1924,7,87
03-04-2020,Haryana,0,0,21,29.0588,76.0856,0,43
03-04-2020,Himachal Pradesh,0,0,1,31.1048,77.1734,1,6
03-04-2020,Jammu and Kashmir,0,0,3,33.7782,76.5762,2,70
03-04-2020,Jharkhand,0,0,0,23.6102,85.2799,0,2
03-04-2020,Karnataka,0,0,10,15.3173,75.7139,3,124
03-04-2020,Kerala,0,0,27,10.8505,76.2711,2,286
03-04-2020,Ladakh,0,0,3,34.2996,78.2932,0,14
03-04-2020,Madhya Pradesh,0,0,0,22.9734,78.6569,6,99
03-04-2020,Maharashtra,0,0,42,19.7515,75.7139,16,335
03-04-2020,Manipur,0,0,0,24.6637,93.9063,0,2
03-04-2020,Mizoram,0,0,0,23.1645,92.9376,0,1
03-04-2020,Odisha,0,0,0,20.9517,85.0985,0,5
03-04-2020,Puducherry,0,0,1,11.9416,79.8083,0,3
03-04-2020,Punjab,0,0,1,31.1471,75.3412,4,46
03-04-2020,Rajasthan,0,0,3,27.0238,74.2179,0,133
03-04-2020,Tamil Nadu,0,0,6,11.1271,78.6569,1,309
03-04-2020,Telengana,0,0,1,18.1124,79.0193,3,107
03-04-2020,Uttar Pradesh,0,0,14,26.8467,80.9462,2,113
03-04-2020,Uttarakhand,0,0,2,30.0668,79.0193,0,10
03-04-2020,West Bengal,0,0,3,22.9868,87.855,3,53
02-04-2020,Andaman and Nicobar Islands,0,0,0,11.7401,92.6586,0,10
02-04-2020,Andhra Pradesh,0,0,1,15.9129,79.74,1,86
02-04-2020,Assam,0,0,0,26.2006,92.9376,0,1
02-04-2020,Bihar,0,0,0,25.0961,85.3131,1,23
02-04-2020,Chandigarh,0,0,0,30.7333,76.7794,0,16
02-04-2020,Chhattisgarh,0,0,2,21.2787,81.8661,0,9
02-04-2020,Delhi,0,0,6,28.7041,77.1025,2,152
02-04-2020,Goa,0,0,0,15.2993,74.124,0,5
02-04-2020,Gujarat,0,0,5,22.2587,71.1924,6,82
02-04-2020,Haryana,0,0,21,29.0588,76.0856,0,43
02-04-2020,Himachal Pradesh,0,0,1,31.1048,77.1734,1,3
02-04-2020,Jammu and Kashmir,0,0,2,33.7782,76.5762,2,62
02-04-2020,Jharkhand,0,0,0,23.6102,85.2799,0,1
02-04-2020,Karnataka,0,0,9,15.3173,75.7139,3,110
02-04-2020,Kerala,0,0,25,10.8505,76.2711,2,265
02-04-2020,Ladakh,0,0,3,34.2996,78.2932,0,13
02-04-2020,Madhya Pradesh,0,0,0,22.9734,78.6569,6,99
02-04-2020,Maharashtra,0,0,42,19.7515,75.7139,13,335
02-04-2020,Manipur,0,0,0,24.6637,93.9063,0,1
02-04-2020,Mizoram,0,0,0,23.1645,92.9376,0,1
02-04-2020,Odisha,0,0,0,20.9517,85.0985,0,4
02-04-2020,Puducherry,0,0,1,11.9416,79.8083,0,3
02-04-2020,Punjab,0,0,1,31.1471,75.3412,4,46
02-04-2020,Rajasthan,0,0,3,27.0238,74.2179,0,108
02-04-2020,Tamil Nadu,0,0,6,11.1271,78.6569,1,234
02-04-2020,Telengana,0,0,1,18.1124,79.0193,3,96
02-04-2020,Uttar Pradesh,0,0,14,26.8467,80.9462,2,113
02-04-2020,Uttarakhand,0,0,2,30.0668,79.0193,0,7
01-04-2020,Andaman and Nicobar Islands,0,0,1,11.7401,92.6586,0,10
01-04-2020,Andhra Pradesh,0,0,0,15.9129,79.74,0,83
01-04-2020,Assam,0,0,0,26.2006,92.9376,0,1
01-04-2020,Bihar,0,0,0,25.0961,85.3131,1,23
01-04-2020,Chandigarh,0,0,0,30.7333,76.7794,0,16
01-04-2020,Chhattisgarh,0,0,2,21.2787,81.8661,0,9
01-04-2020,Delhi,0,0,6,28.7041,77.1025,2,152
01-04-2020,Goa,0,0,0,15.2993,74.124,0,5
01-04-2020,Gujarat,0,0,5,22.2587,71.1924,6,82
01-04-2020,Haryana,0,0,21,29.0588,76.0856,0,43
01-04-2020,Himachal Pradesh,0,0,0,31.1048,77.1734,1,3
01-04-2020,Jammu and Kashmir,0,0,2,33.7782,76.5762,2,62
01-04-2020,Jharkhand,0,0,0,23.6102,85.2799,0,1
01-04-2020,Karnataka,0,0,8,15.3173,75.7139,3,101
01-04-2020,Kerala,0,0,23,10.8505,76.2711,2,241
01-04-2020,Ladakh,0,0,3,34.2996,78.2932,0,13
01-04-2020,Madhya Pradesh,0,0,0,22.9734,78.6569,3,66
01-04-2020,Maharashtra,0,0,39,19.7515,75.7139,9,302
01-04-2020,Manipur,0,0,0,24.6637,93.9063,0,1
01-04-2020,Mizoram,0,0,0,23.1645,92.9376,0,1
01-04-2020,Odisha,0,0,0,20.9517,85.0985,0,4
01-04-2020,Puducherry,0,0,1,11.9416,79.8083,0,3
01-04-2020,Punjab,0,0,1,31.1471,75.3412,3,42
01-04-2020,Rajasthan,0,0,3,27.0238,74.2179,0,93
01-04-2020,Tamil Nadu,0,0,6,11.1271,78.6569,1,234
01-04-2020,Telengana,0,0,1,18.1124,79.0193,3,96
01-04-2020,Uttar Pradesh,0,0,14,26.8467,80.9462,2,103
01-04-2020,Uttarakhand,0,0,2,30.0668,79.0193,0,7
31-03-2020,Andaman and Nicobar Islands,0,0,0,11.7401,92.6586,0,10
31-03-2020,Andhra Pradesh,0,0,1,15.9129,79.74,0,40
31-03-2020,Bihar,0,0,0,25.0961,85.3131,1,15
31-03-2020,Chandigarh,0,0,0,30.7333,76.7794,0,13
31-03-2020,Chhattisgarh,0,0,0,21.2787,81.8661,0,8
31-03-2020,Delhi,0,0,6,28.7041,77.1025,2,97
31-03-2020,Goa,0,0,0,15.2993,74.124,0,5
31-03-2020,Gujarat,0,0,3,22.2587,71.1924,6,73
31-03-2020,Haryana,0,0,21,29.0588,76.0856,0,40
31-03-2020,Himachal Pradesh,0,0,0,31.1048,77.1734,1,3
31-03-2020,Jammu and Kashmir,0,0,2,33.7782,76.5762,2,54
31-03-2020,Karnataka,0,0,5,15.3173,75.7139,3,83
31-03-2020,Kerala,0,0,19,10.8505,76.2711,1,234
31-03-2020,Ladakh,0,0,3,34.2996,78.2932,0,13
31-03-2020,Madhya Pradesh,0,0,0,22.9734,78.6569,3,47
31-03-2020,Maharashtra,0,0,39,19.7515,75.7139,9,216
31-03-2020,Manipur,0,0,0,24.6637,93.9063,0,1
31-03-2020,Mizoram,0,0,0,23.1645,92.9376,0,1
31-03-2020,Odisha,0,0,0,20.9517,85.0985,0,3
31-03-2020,Puducherry,0,0,0,11.9416,79.8083,0,1
31-03-2020,Punjab,0,0,1,31.1471,75.3412,3,41
31-03-2020,Rajasthan,0,0,3,27.0238,74.2179,0,74
31-03-2020,Tamil Nadu,0,0,4,11.1271,78.6569,1,74
31-03-2020,Telengana,0,0,1,18.1124,79.0193,1,79
31-03-2020,Uttar Pradesh,0,0,14,26.8467,80.9462,0,101
31-03-2020,Uttarakhand,0,0,2,30.0668,79.0193,0,7
31-03-2020,West Bengal,0,0,0,22.9868,87.855,2,26
30-03-2020,Andaman and Nicobar Islands,0,0,0,11.7401,92.6586,0,9
30-03-2020,Andhra Pradesh,0,0,1,15.9129,79.74,0,19
30-03-2020,Bihar,0,0,0,25.0961,85.3131,1,11
30-03-2020,Chandigarh,0,0,0,30.7333,76.7794,0,8
30-03-2020,Chhattisgarh,0,0,0,21.2787,81.8661,0,7
30-03-2020,Delhi,0,0,6,28.7041,77.1025,2,53
30-03-2020,Goa,0,0,0,15.2993,74.124,0,5
30-03-2020,Gujarat,0,0,1,22.2587,71.1924,5,58
30-03-2020,Haryana,0,0,17,29.0588,76.0856,0,33
30-03-2020,Himachal Pradesh,0,0,0,31.1048,77.1734,1,3
30-03-2020,Jammu and Kashmir,0,0,1,33.7782,76.5762,2,31
30-03-2020,Karnataka,0,0,5,15.3173,75.7139,3,80
30-03-2020,Kerala,0,0,19,10.8505,76.2711,1,194
30-03-2020,Ladakh,0,0,3,34.2996,78.2932,0,13
30-03-2020,Madhya Pradesh,0,0,0,22.9734,78.6569,2,33
30-03-2020,Maharashtra,0,0,25,19.7515,75.7139,8,193
30-03-2020,Manipur,0,0,0,24.6637,93.9063,0,1
30-03-2020,Mizoram,0,0,0,23.1645,92.9376,0,1
30-03-2020,Odisha,0,0,0,20.9517,85.0985,0,3
30-03-2020,Puducherry,0,0,0,11.9416,79.8083,0,1
30-03-2020,Punjab,0,0,1,31.1471,75.3412,1,38
30-03-2020,Rajasthan,0,0,3,27.0238,74.2179,0,57
30-03-2020,Tamil Nadu,0,0,4,11.1271,78.6569,1,50
30-03-2020,Telengana,0,0,1,18.1124,79.0193,1,69
30-03-2020,Uttar Pradesh,0,0,11,26.8467,80.9462,0,75
30-03-2020,Uttarakhand,0,0,2,30.0668,79.0193,0,7
30-03-2020,West Bengal,0,0,0,22.9868,87.855,1,19
29-03-2020,Andaman and Nicobar Islands,9,0,0,11.7401,92.6586,0,9
29-03-2020,Andhra Pradesh,14,0,1,15.9129,79.74,0,14
29-03-2020,Bihar,9,0,0,25.0961,85.3131,1,9
29-03-2020,Chandigarh,8,0,0,30.7333,76.7794,0,8
29-03-2020,Chhattisgarh,6,0,0,21.2787,81.8661,0,6
29-03-2020,Delhi,38,1,6,28.7041,77.1025,2,39
29-03-2020,Goa,2,1,0,15.2993,74.124,0,3
29-03-2020,Gujarat,52,1,0,22.2587,71.1924,4,53
29-03-2020,Haryana,19,14,12,29.0588,76.0856,0,33
29-03-2020,Himachal Pradesh,3,0,0,31.1048,77.1734,1,3
29-03-2020,Jammu and Kashmir,31,0,1,33.7782,76.5762,1,31
29-03-2020,Karnataka,76,0,5,15.3173,75.7139,3,76
29-03-2020,Kerala,174,8,15,10.8505,76.2711,1,182
29-03-2020,Ladakh,13,0,3,34.2996,78.2932,0,13
29-03-2020,Madhya Pradesh,30,0,0,22.9734,78.6569,2,30
29-03-2020,Maharashtra,183,3,25,19.7515,75.7139,6,186
29-03-2020,Manipur,1,0,0,24.6637,93.9063,0,1
29-03-2020,Mizoram,1,0,0,23.1645,92.9376,0,1
29-03-2020,Odisha,3,0,0,20.9517,85.0985,0,3
29-03-2020,Puducherry,1,0,0,11.9416,79.8083,0,1
29-03-2020,Punjab,38,0,1,31.1471,75.3412,1,38
29-03-2020,Rajasthan,52,2,3,27.0238,74.2179,0,54
29-03-2020,Tamil Nadu,36,6,2,11.1271,78.6569,1,42
29-03-2020,Telengana,56,10,1,18.1124,79.0193,1,66
29-03-2020,Uttar Pradesh,54,1,11,26.8467,80.9462,0,55
29-03-2020,Uttarakhand,5,1,1,30.0668,79.0193,0,6
29-03-2020,West Bengal,18,0,0,22.9868,87.855,1,18
28-03-2020,Andaman and Nicobar Islands,6,0,0,11.7401,92.6586,0,6
28-03-2020,Andhra Pradesh,14,0,1,15.9129,79.74,0,14
28-03-2020,Bihar,9,0,0,25.0961,85.3131,1,9
28-03-2020,Chandigarh,8,0,0,30.7333,76.7794,0,8
28-03-2020,Chhattisgarh,6,0,0,21.2787,81.8661,0,6
28-03-2020,Delhi,38,1,6,28.7041,77.1025,1,39
28-03-2020,Goa,3,0,0,15.2993,74.124,0,3
28-03-2020,Gujarat,44,1,0,22.2587,71.1924,3,45
28-03-2020,Haryana,19,14,12,29.0588,76.0856,0,33
28-03-2020,Himachal Pradesh,3,0,0,31.1048,77.1734,1,3
28-03-2020,Jammu and Kashmir,20,0,1,33.7782,76.5762,1,20
28-03-2020,Karnataka,55,0,3,15.3173,75.7139,2,55
28-03-2020,Kerala,168,8,11,10.8505,76.2711,0,176
28-03-2020,Ladakh,13,0,3,34.2996,78.2932,0,13
28-03-2020,Madhya Pradesh,30,0,0,22.9734,78.6569,2,30
28-03-2020,Maharashtra,177,3,25,19.7515,75.7139,5,180
28-03-2020,Manipur,1,0,0,24.6637,93.9063,0,1
28-03-2020,Mizoram,1,0,0,23.1645,92.9376,0,1
28-03-2020,Odisha,3,0,0,20.9517,85.0985,0,3
28-03-2020,Puducherry,1,0,0,11.9416,79.8083,0,1
28-03-2020,Punjab,38,0,1,31.1471,75.3412,1,38
28-03-2020,Rajasthan,52,2,3,27.0238,74.2179,0,54
28-03-2020,Tamil Nadu,34,6,2,11.1271,78.6569,1,40
28-03-2020,Telengana,46,10,1,18.1124,79.0193,0,56
28-03-2020,Uttar Pradesh,54,1,11,26.8467,80.9462,0,55
28-03-2020,Uttarakhand,4,1,0,30.0668,79.0193,0,5
28-03-2020,West Bengal,15,0,0,22.9868,87.855,1,15
27-03-2020,Andaman and Nicobar Islands,1,0,0,11.7401,92.6586,0,1
27-03-2020,Andhra Pradesh,12,0,1,15.9129,79.74,0,12
27-03-2020,Bihar,6,0,0,25.0961,85.3131,1,6
27-03-2020,Chandigarh,7,0,0,30.7333,76.7794,0,7
27-03-2020,Chhattisgarh,6,0,0,21.2787,81.8661,0,6
27-03-2020,Delhi,35,1,6,28.7041,77.1025,1,36
27-03-2020,Goa,3,0,0,15.2993,74.124,0,3
27-03-2020,Gujarat,42,1,0,22.2587,71.1924,3,43
27-03-2020,Haryana,16,14,11,29.0588,76.0856,0,30
27-03-2020,Himachal Pradesh,3,0,0,31.1048,77.1734,1,3
27-03-2020,Jammu and Kashmir,13,0,1,33.7782,76.5762,1,13
27-03-2020,Karnataka,55,0,3,15.3173,75.7139,2,55
27-03-2020,Kerala,129,8,11,10.8505,76.2711,0,137
27-03-2020,Ladakh,13,0,3,34.2996,78.2932,0,13
27-03-2020,Madhya Pradesh,20,0,0,22.9734,78.6569,1,20
27-03-2020,Maharashtra,127,3,15,19.7515,75.7139,4,130
27-03-2020,Manipur,1,0,0,24.6637,93.9063,0,1
27-03-2020,Mizoram,1,0,0,23.1645,92.9376,0,1
27-03-2020,Odisha,2,0,0,20.9517,85.0985,0,2
27-03-2020,Puducherry,1,0,0,11.9416,79.8083,0,1
27-03-2020,Punjab,33,0,0,31.1471,75.3412,1,33
27-03-2020,Rajasthan,39,2,3,27.0238,74.2179,0,41
27-03-2020,Tamil Nadu,23,6,1,11.1271,78.6569,1,29
27-03-2020,Telengana,35,10,1,18.1124,79.0193,0,45
27-03-2020,Uttar Pradesh,40,1,11,26.8467,80.9462,0,41
27-03-2020,Uttarakhand,4,1,0,30.0668,79.0193,0,5
27-03-2020,West Bengal,10,0,0,22.9868,87.855,1,10
26-03-2020,Andaman and Nicobar Islands,1,0,0,11.7401,92.6586,0,1
26-03-2020,Andhra Pradesh,11,0,1,15.9129,79.74,0,11
26-03-2020,Bihar,6,0,0,25.0961,85.3131,1,6
26-03-2020,Chandigarh,7,0,0,30.7333,76.7794,0,7
26-03-2020,Chhattisgarh,6,0,0,21.2787,81.8661,0,6
26-03-2020,Delhi,35,1,6,28.7041,77.1025,1,36
26-03-2020,Goa,3,0,0,15.2993,74.124,0,3
26-03-2020,Gujarat,42,1,0,22.2587,71.1924,3,43
26-03-2020,Haryana,16,14,11,29.0588,76.0856,0,30
26-03-2020,Himachal Pradesh,3,0,0,31.1048,77.1734,1,3
26-03-2020,Jammu and Kashmir,13,0,1,33.7782,76.5762,1,13
26-03-2020,Karnataka,55,0,3,15.3173,75.7139,2,55
26-03-2020,Kerala,110,8,6,10.8505,76.2711,0,118
26-03-2020,Ladakh,13,0,0,34.2996,78.2932,0,13
26-03-2020,Madhya Pradesh,20,0,0,22.9734,78.6569,1,20
26-03-2020,Maharashtra,121,3,1,19.7515,75.7139,3,124
26-03-2020,Manipur,1,0,0,24.6637,93.9063,0,1
26-03-2020,Mizoram,1,0,0,23.1645,92.9376,0,1
26-03-2020,Odisha,2,0,0,20.9517,85.0985,0,2
26-03-2020,Puducherry,1,0,0,11.9416,79.8083,0,1
26-03-2020,Punjab,33,0,0,31.1471,75.3412,1,33
26-03-2020,Rajasthan,39,2,3,27.0238,74.2179,0,41
26-03-2020,Tamil Nadu,20,6,1,11.1271,78.6569,1,26
26-03-2020,Telengana,34,10,1,18.1124,79.0193,0,44
26-03-2020,Uttar Pradesh,40,1,11,26.8467,80.9462,0,41
26-03-2020,Uttarakhand,4,1,0,30.0668,79.0193,0,5
26-03-2020,West Bengal,10,0,0,22.9868,87.855,1,10
25-03-2020,Andhra Pradesh,9,0,1,15.9129,79.74,0,9
25-03-2020,Bihar,4,0,0,25.0961,85.3131,1,4
25-03-2020,Chandigarh,7,0,0,30.7333,76.7794,0,7
25-03-2020,Chhattisgarh,1,0,0,21.2787,81.8661,0,1
25-03-2020,Delhi,30,1,6,28.7041,77.1025,1,31
25-03-2020,Gujarat,37,1,0,22.2587,71.1924,1,38
25-03-2020,Haryana,14,14,11,29.0588,76.0856,0,28
25-03-2020,Himachal Pradesh,3,0,0,31.1048,77.1734,1,3
25-03-2020,Jammu and Kashmir,7,0,1,33.7782,76.5762,0,7
25-03-2020,Karnataka,41,0,3,15.3173,75.7139,1,41
25-03-2020,Kerala,101,8,4,10.8505,76.2711,0,109
25-03-2020,Ladakh,13,0,0,34.2996,78.2932,0,13
25-03-2020,Madhya Pradesh,14,0,0,22.9734,78.6569,0,14
25-03-2020,Maharashtra,125,3,1,19.7515,75.7139,3,128
25-03-2020,Manipur,1,0,0,24.6637,93.9063,0,1
25-03-2020,Mizoram,1,0,0,23.1645,92.9376,0,1
25-03-2020,Odisha,2,0,0,20.9517,85.0985,0,2
25-03-2020,Puducherry,1,0,0,11.9416,79.8083,0,1
25-03-2020,Punjab,29,0,0,31.1471,75.3412,1,29
25-03-2020,Rajasthan,34,2,3,27.0238,74.2179,0,36
25-03-2020,Tamil Nadu,16,2,1,11.1271,78.6569,0,18
25-03-2020,Telengana,25,10,1,18.1124,79.0193,0,35
25-03-2020,Uttar Pradesh,36,1,11,26.8467,80.9462,0,37
25-03-2020,Uttarakhand,3,1,0,30.0668,79.0193,0,4
25-03-2020,West Bengal,9,0,0,22.9868,87.855,1,9
24-03-2020,Andhra Pradesh,8,0,0,15.9129,79.74,0,8
24-03-2020,Bihar,3,0,0,25.0961,85.3131,1,3
24-03-2020,Chandigarh,7,0,0,30.7333,76.7794,0,7
24-03-2020,Chhattisgarh,1,0,0,21.2787,81.8661,0,1
24-03-2020,Delhi,29,1,6,28.7041,77.1025,2,30
24-03-2020,Gujarat,32,1,0,22.2587,71.1924,1,33
24-03-2020,Haryana,14,14,11,29.0588,76.0856,0,28
24-03-2020,Himachal Pradesh,3,0,0,31.1048,77.1734,1,3
24-03-2020,Jammu and Kashmir,4,0,0,33.7782,76.5762,0,4
24-03-2020,Karnataka,37,0,3,15.3173,75.7139,1,37
24-03-2020,Kerala,87,8,4,10.8505,76.2711,0,95
24-03-2020,Ladakh,13,0,0,34.2996,78.2932,0,13
24-03-2020,Madhya Pradesh,7,0,0,22.9734,78.6569,0,7
24-03-2020,Maharashtra,86,3,0,19.7515,75.7139,2,89
24-03-2020,Manipur,1,0,0,24.6637,93.9063,0,1
24-03-2020,Odisha,2,0,0,20.9517,85.0985,0,2
24-03-2020,Puducherry,1,0,0,11.9416,79.8083,0,1
24-03-2020,Punjab,29,0,0,31.1471,75.3412,1,29
24-03-2020,Rajasthan,30,2,3,27.0238,74.2179,0,32
24-03-2020,Tamil Nadu,13,2,1,11.1271,78.6569,0,15
24-03-2020,Telengana,25,10,1,18.1124,79.0193,0,35
24-03-2020,Uttar Pradesh,32,1,11,26.8467,80.9462,0,33
24-03-2020,Uttarakhand,3,1,0,30.0668,79.0193,0,4
24-03-2020,West Bengal,9,0,0,22.9868,87.855,1,9
23-03-2020,Andhra Pradesh,7,0,0,15.9129,79.74,0,7
23-03-2020,Bihar,2,0,0,25.0961,85.3131,1,2
23-03-2020,Chandigarh,6,0,0,30.7333,76.7794,0,6
23-03-2020,Chhattisgarh,1,0,0,21.2787,81.8661,0,1
23-03-2020,Delhi,28,1,5,28.7041,77.1025,1,29
23-03-2020,Gujarat,29,0,0,22.2587,71.1924,1,29
23-03-2020,Haryana,12,14,11,29.0588,76.0856,0,26
23-03-2020,Himachal Pradesh,2,0,0,31.1048,77.1734,0,2
23-03-2020,Jammu and Kashmir,4,0,0,33.7782,76.5762,0,4
23-03-2020,Karnataka,33,0,2,15.3173,75.7139,1,33
23-03-2020,Kerala,60,7,3,10.8505,76.2711,0,67
23-03-2020,Ladakh,13,0,0,34.2996,78.2932,0,13
23-03-2020,Madhya Pradesh,6,0,0,22.9734,78.6569,0,6
23-03-2020,Maharashtra,71,3,0,19.7515,75.7139,2,74
23-03-2020,Odisha,2,0,0,20.9517,85.0985,0,2
23-03-2020,Puducherry,1,0,0,11.9416,79.8083,0,1
23-03-2020,Punjab,21,0,0,31.1471,75.3412,1,21
23-03-2020,Rajasthan,26,2,3,27.0238,74.2179,0,28
23-03-2020,Tamil Nadu,7,2,1,11.1271,78.6569,0,9
23-03-2020,Telengana,22,10,1,18.1124,79.0193,0,32
23-03-2020,Uttar Pradesh,30,1,9,26.8467,80.9462,0,31
23-03-2020,Uttarakhand,3,0,0,30.0668,79.0193,0,3
23-03-2020,West Bengal,7,0,0,22.9868,87.855,1,7
22-03-2020,Andhra Pradesh,5,0,0,15.9129,79.74,0,5
22-03-2020,Bihar,2,0,0,25.0961,85.3131,1,2
22-03-2020,Chandigarh,5,0,0,30.7333,76.7794,0,5
22-03-2020,Chhattisgarh,1,0,0,21.2787,81.8661,0,1
22-03-2020,Delhi,28,1,5,28.7041,77.1025,1,29
22-03-2020,Gujarat,18,0,0,22.2587,71.1924,1,18
22-03-2020,Haryana,7,14,0,29.0588,76.0856,0,21
22-03-2020,Himachal Pradesh,2,0,0,31.1048,77.1734,0,2
22-03-2020,Jammu and Kashmir,4,0,0,33.7782,76.5762,0,4
22-03-2020,Karnataka,26,0,2,15.3173,75.7139,1,26
22-03-2020,Kerala,45,7,3,10.8505,76.2711,0,52
22-03-2020,Ladakh,13,0,0,34.2996,78.2932,0,13
22-03-2020,Madhya Pradesh,4,0,0,22.9734,78.6569,0,4
22-03-2020,Maharashtra,64,3,0,19.7515,75.7139,2,67
22-03-2020,Odisha,2,0,0,20.9517,85.0985,0,2
22-03-2020,Puducherry,1,0,0,11.9416,79.8083,0,1
22-03-2020,Punjab,21,0,0,31.1471,75.3412,1,21
22-03-2020,Rajasthan,22,2,3,27.0238,74.2179,0,24
22-03-2020,Tamil Nadu,5,2,1,11.1271,78.6569,0,7
22-03-2020,Telengana,11,11,1,18.1124,79.0193,0,22
22-03-2020,Uttar Pradesh,26,1,9,26.8467,80.9462,0,27
22-03-2020,Uttarakhand,3,0,0,30.0668,79.0193,0,3
22-03-2020,West Bengal,4,0,0,22.9868,87.855,0,4
21-03-2020,Andhra Pradesh,3,0,0,15.9129,79.74,0,3
21-03-2020,Chandigarh,1,0,0,30.7333,76.7794,0,1
21-03-2020,Chhattisgarh,1,0,0,21.2787,81.8661,0,1
21-03-2020,Delhi,25,1,5,28.7041,77.1025,1,26
21-03-2020,Gujarat,7,0,0,22.2587,71.1924,0,7
21-03-2020,Haryana,3,14,0,29.0588,76.0856,0,17
21-03-2020,Himachal Pradesh,2,0,0,31.1048,77.1734,0,2
21-03-2020,Jammu and Kashmir,4,0,0,33.7782,76.5762,0,4
21-03-2020,Karnataka,15,0,1,15.3173,75.7139,1,15
21-03-2020,Kerala,33,7,3,10.8505,76.2711,0,40
21-03-2020,Ladakh,13,0,0,34.2996,78.2932,0,13
21-03-2020,Madhya Pradesh,4,0,0,22.9734,78.6569,0,4
21-03-2020,Maharashtra,60,3,0,19.7515,75.7139,1,63
21-03-2020,Odisha,2,0,0,20.9517,85.0985,0,2
21-03-2020,Puducherry,1,0,0,11.9416,79.8083,0,1
21-03-2020,Punjab,13,0,0,31.1471,75.3412,1,13
21-03-2020,Rajasthan,15,2,3,27.0238,74.2179,0,17
21-03-2020,Tamil Nadu,3,0,1,11.1271,78.6569,0,3
21-03-2020,Telengana,10,11,1,18.1124,79.0193,0,21
21-03-2020,Uttar Pradesh,23,1,9,26.8467,80.9462,0,24
21-03-2020,Uttarakhand,3,0,0,30.0668,79.0193,0,3
21-03-2020,West Bengal,3,0,0,22.9868,87.855,0,3
20-03-2020,Andhra Pradesh,2,0,0,15.9129,79.74,0,2
20-03-2020,Chhattisgarh,1,0,0,21.2787,81.8661,0,1
20-03-2020,Delhi,16,1,3,28.7041,77.1025,1,17
20-03-2020,Gujarat,2,0,0,22.2587,71.1924,0,2
20-03-2020,Haryana,3,14,0,29.0588,76.0856,0,17
20-03-2020,Karnataka,15,0,0,15.3173,75.7139,1,15
20-03-2020,Kerala,26,2,3,10.8505,76.2711,0,28
20-03-2020,Maharashtra,44,3,0,19.7515,75.7139,1,47
20-03-2020,Odisha,1,0,0,20.9517,85.0985,0,1
20-03-2020,Puducherry,1,0,0,11.9416,79.8083,0,1
20-03-2020,Punjab,2,0,0,31.1471,75.3412,1,2
20-03-2020,Rajasthan,5,2,3,27.0238,74.2179,0,7
20-03-2020,Tamil Nadu,3,0,1,11.1271,78.6569,0,3
20-03-2020,Telengana,7,9,1,18.1124,79.0193,0,16
20-03-2020,Union Territory of Chandigarh,1,0,0,30.7333,76.7794,0,1
20-03-2020,Union Territory of Jammu and Kashmir,4,0,0,33.7782,76.5762,0,4
20-03-2020,Union Territory of Ladakh,10,0,0,34.2996,78.2932,0,10
20-03-2020,Uttar Pradesh,18,1,9,26.8467,80.9462,0,19
20-03-2020,Uttarakhand,1,0,0,30.0668,79.0193,0,1
20-03-2020,West Bengal,1,0,0,22.9868,87.855,0,1
19-03-2020,Andhra Pradesh,2,0,0,15.9129,79.74,0,2
19-03-2020,Chhattisgarh,1,0,0,21.2787,81.8661,0,1
19-03-2020,Delhi,11,1,3,28.7041,77.1025,1,12
19-03-2020,Haryana,3,14,0,29.0588,76.0856,0,17
19-03-2020,Karnataka,14,0,0,15.3173,75.7139,1,14
19-03-2020,Kerala,25,2,3,10.8505,76.2711,0,27
19-03-2020,Maharashtra,44,3,0,19.7515,75.7139,1,47
19-03-2020,Odisha,1,0,0,20.9517,85.0985,0,1
19-03-2020,Puducherry,1,0,0,11.9416,79.8083,0,1
19-03-2020,Punjab,2,0,0,31.1471,75.3412,1,2
19-03-2020,Rajasthan,5,2,3,27.0238,74.2179,0,7
19-03-2020,Tamil Nadu,2,0,1,11.1271,78.6569,0,2
19-03-2020,Telengana,4,2,1,18.1124,79.0193,0,6
19-03-2020,Union Territory of Chandigarh,1,0,0,30.7333,76.7794,0,1
19-03-2020,Union Territory of Jammu and Kashmir,4,0,0,33.7782,76.5762,0,4
19-03-2020,Union Territory of Ladakh,8,0,0,34.2996,78.2932,0,8
19-03-2020,Uttar Pradesh,18,1,9,26.8467,80.9462,0,19
19-03-2020,Uttarakhand,1,0,0,30.0668,79.0193,0,1
19-03-2020,West Bengal,1,0,0,22.9868,87.855,0,1
18-03-2020,Andhra Pradesh,1,0,0,15.9129,79.74,0,1
18-03-2020,Delhi,9,1,2,28.7041,77.1025,1,10
18-03-2020,Haryana,3,14,0,29.0588,76.0856,0,17
18-03-2020,Karnataka,11,0,0,15.3173,75.7139,1,11
18-03-2020,Kerala,25,2,3,10.8505,76.2711,0,27
18-03-2020,Maharashtra,39,3,0,19.7515,75.7139,1,42
18-03-2020,Odisha,1,0,0,20.9517,85.0985,0,1
18-03-2020,Puducherry,1,0,0,11.9416,79.8083,0,1
18-03-2020,Punjab,1,0,0,31.1471,75.3412,0,1
18-03-2020,Rajasthan,2,2,3,27.0238,74.2179,0,4
18-03-2020,Tamil Nadu,1,0,0,11.1271,78.6569,0,1
18-03-2020,Telengana,4,2,1,18.1124,79.0193,0,6
18-03-2020,Union Territory of Jammu and Kashmir,3,0,0,33.7782,76.5762,0,3
18-03-2020,Union Territory of Ladakh,8,0,0,34.2996,78.2932,0,8
18-03-2020,Uttar Pradesh,15,1,5,26.8467,80.9462,0,16
18-03-2020,Uttarakhand,1,0,0,30.0668,79.0193,0,1
18-03-2020,West Bengal,1,0,0,22.9868,87.855,0,1
17-03-2020,Andhra Pradesh,1,0,0,15.9129,79.74,0,1
17-03-2020,Delhi,8,0,2,28.7041,77.1025,1,8
17-03-2020,Haryana,1,14,0,29.0588,76.0856,0,15
17-03-2020,Karnataka,11,0,0,15.3173,75.7139,1,11
17-03-2020,Kerala,24,2,3,10.8505,76.2711,0,26
17-03-2020,Maharashtra,36,3,0,19.7515,75.7139,1,39
17-03-2020,Odisha,1,0,0,20.9517,85.0985,0,1
17-03-2020,Punjab,1,0,0,31.1471,75.3412,0,1
17-03-2020,Rajasthan,2,2,3,27.0238,74.2179,0,4
17-03-2020,Tamil Nadu,1,0,0,11.1271,78.6569,0,1
17-03-2020,Telengana,3,2,1,18.1124,79.0193,0,5
17-03-2020,Union Territory of Jammu and Kashmir,3,0,0,33.7782,76.5762,0,3
17-03-2020,Union Territory of Ladakh,6,0,0,34.2996,78.2932,0,6
17-03-2020,Uttar Pradesh,14,1,5,26.8467,80.9462,0,15
17-03-2020,Uttarakhand,1,0,0,30.0668,79.0193,0,1
16-03-2020,Andhra Pradesh,1,0,0,15.9129,79.74,0,1
16-03-2020,Delhi,7,0,2,28.7041,77.1025,1,7
16-03-2020,Haryana,0,14,0,29.0588,76.0856,0,14
16-03-2020,Karnataka,6,0,0,15.3173,75.7139,1,6
16-03-2020,Kerala,23,0,3,10.8505,76.2711,0,23
16-03-2020,Maharashtra,32,0,0,19.7515,75.7139,0,32
16-03-2020,Odisha,1,0,0,20.9517,85.0985,0,1
16-03-2020,Punjab,1,0,0,31.1471,75.3412,0,1
16-03-2020,Rajasthan,2,2,3,27.0238,74.2179,0,4
16-03-2020,Tamil Nadu,1,0,0,11.1271,78.6569,0,1
16-03-2020,Telengana,3,0,1,18.1124,79.0193,0,3
16-03-2020,Union Territory of Jammu and Kashmir,3,0,0,33.7782,76.5762,0,3
16-03-2020,Union Territory of Ladakh,4,0,0,34.2996,78.2932,0,4
16-03-2020,Uttar Pradesh,12,1,4,26.8467,80.9462,0,13
16-03-2020,Uttarakhand,1,0,0,30.0668,79.0193,0,1
15-03-2020,Andhra Pradesh,1,0,0,15.9129,79.74,0,1
15-03-2020,Delhi,7,0,2,28.7041,77.1025,1,7
15-03-2020,Haryana,0,14,0,29.0588,76.0856,0,14
15-03-2020,Karnataka,6,0,0,15.3173,75.7139,1,6
15-03-2020,Kerala,23,0,3,10.8505,76.2711,0,23
15-03-2020,Maharashtra,32,0,0,19.7515,75.7139,0,32
15-03-2020,Punjab,1,0,0,31.1471,75.3412,0,1
15-03-2020,Rajasthan,2,2,3,27.0238,74.2179,0,4
15-03-2020,Tamil Nadu,1,0,0,11.1271,78.6569,0,1
15-03-2020,Telengana,3,0,1,18.1124,79.0193,0,3
15-03-2020,Union Territory of Jammu and Kashmir,2,0,0,33.7782,76.5762,0,2
15-03-2020,Union Territory of Ladakh,3,0,0,34.2996,78.2932,0,3
15-03-2020,Uttar Pradesh,12,1,4,26.8467,80.9462,0,13
15-03-2020,Uttarakhand,1,0,0,30.0668,79.0193,0,1
14-03-2020,Andhra Pradesh,1,0,0,15.9129,79.74,0,1
14-03-2020,Delhi,7,0,1,28.7041,77.1025,1,7
14-03-2020,Haryana,0,14,0,29.0588,76.0856,0,14
14-03-2020,Karnataka,6,0,0,15.3173,75.7139,1,6
14-03-2020,Kerala,19,0,3,10.8505,76.2711,0,19
14-03-2020,Maharashtra,14,0,0,19.7515,75.7139,0,14
14-03-2020,Punjab,1,0,0,31.1471,75.3412,0,1
14-03-2020,Rajasthan,1,2,1,27.0238,74.2179,0,3
14-03-2020,Tamil Nadu,1,0,0,11.1271,78.6569,0,1
14-03-2020,Telengana,1,0,0,18.1124,79.0193,0,1
14-03-2020,Union Territory of Jammu and Kashmir,2,0,0,33.7782,76.5762,0,2
14-03-2020,Union Territory of Ladakh,3,0,0,34.2996,78.2932,0,3
14-03-2020,Uttar Pradesh,11,1,5,26.8467,80.9462,0,12
13-03-2020,Andhra Pradesh,1,0,0,15.9129,79.74,0,1
13-03-2020,Delhi,6,0,0,28.7041,77.1025,0,6
13-03-2020,Haryana,0,14,0,29.0588,76.0856,0,14
13-03-2020,Karnataka,5,0,0,15.3173,75.7139,1,5
13-03-2020,Kerala,17,0,3,10.8505,76.2711,0,17
13-03-2020,Maharashtra,11,0,0,19.7515,75.7139,0,11
13-03-2020,Punjab,1,0,0,31.1471,75.3412,0,1
13-03-2020,Rajasthan,1,2,0,27.0238,74.2179,0,3
13-03-2020,Tamil Nadu,1,0,0,11.1271,78.6569,0,1
13-03-2020,Telengana,1,0,0,18.1124,79.0193,0,1
13-03-2020,Union Territory of Jammu and Kashmir,1,0,0,33.7782,76.5762,0,1
13-03-2020,Union Territory of Ladakh,3,0,0,34.2996,78.2932,0,3
13-03-2020,Uttar Pradesh,10,1,0,26.8467,80.9462,0,11
12-03-2020,Andhra Pradesh,1,0,0,15.9129,79.74,0,1
12-03-2020,Delhi,6,0,0,28.7041,77.1025,0,6
12-03-2020,Haryana,0,14,0,29.0588,76.0856,0,14
12-03-2020,Karnataka,4,0,0,15.3173,75.7139,1,4
12-03-2020,Kerala,17,0,3,10.8505,76.2711,0,17
12-03-2020,Maharashtra,11,0,0,19.7515,75.7139,0,11
12-03-2020,Punjab,1,0,0,31.1471,75.3412,0,1
12-03-2020,Rajasthan,1,2,0,27.0238,74.2179,0,3
12-03-2020,Tamil Nadu,1,0,0,11.1271,78.6569,0,1
12-03-2020,Telengana,1,0,0,18.1124,79.0193,0,1
12-03-2020,Union Territory of Jammu and Kashmir,1,0,0,33.7782,76.5762,0,1
12-03-2020,Union Territory of Ladakh,3,0,0,34.2996,78.2932,0,3
12-03-2020,Uttar Pradesh,10,1,0,26.8467,80.9462,0,11
11-03-2020,Delhi,5,0,0,28.7041,77.1025,0,5
11-03-2020,Haryana,0,14,0,29.0588,76.0856,0,14
11-03-2020,Karnataka,4,0,0,15.3173,75.7139,0,4
11-03-2020,Kerala,17,0,3,10.8505,76.2711,0,17
11-03-2020,Maharashtra,10,0,0,19.7515,75.7139,0,10
11-03-2020,Punjab,1,0,0,31.1471,75.3412,0,1
11-03-2020,Rajasthan,1,2,0,27.0238,74.2179,0,3
11-03-2020,Tamil Nadu,1,0,0,11.1271,78.6569,0,1
11-03-2020,Telengana,1,0,0,18.1124,79.0193,0,1
11-03-2020,Union Territory of Jammu and Kashmir,1,0,0,33.7782,76.5762,0,1
11-03-2020,Union Territory of Ladakh,2,0,0,34.2996,78.2932,0,2
11-03-2020,Uttar Pradesh,9,0,0,26.8467,80.9462,0,9
10-03-2020,Delhi,4,0,0,28.7041,77.1025,0,4
10-03-2020,Haryana,0,14,0,29.0588,76.0856,0,14
10-03-2020,Karnataka,4,0,0,15.3173,75.7139,0,4
10-03-2020,Kerala,15,0,3,10.8505,76.2711,0,15
10-03-2020,Maharashtra,5,0,0,19.7515,75.7139,0,5
10-03-2020,Punjab,1,0,0,31.1471,75.3412,0,1
10-03-2020,Rajasthan,1,0,0,27.0238,74.2179,0,1
10-03-2020,Tamil Nadu,1,0,0,11.1271,78.6569,0,1
10-03-2020,Telengana,1,0,0,18.1124,79.0193,0,1
10-03-2020,Union Territory of Jammu and Kashmir,1,0,0,33.7782,76.5762,0,1
10-03-2020,Union Territory of Ladakh,2,0,0,34.2996,78.2932,0,2
10-03-2020,Uttar Pradesh,7,0,0,26.8467,80.9462,0,7
09-03-2020,Delhi,4,0,0,28.7041,77.1025,0,4
09-03-2020,Haryana,0,14,0,29.0588,76.0856,0,14
09-03-2020,Karnataka,1,0,0,15.3173,75.7139,0,1
09-03-2020,Kerala,9,0,3,10.8505,76.2711,0,9
09-03-2020,Maharashtra,2,0,0,19.7515,75.7139,0,2
09-03-2020,Punjab,1,0,0,31.1471,75.3412,0,1
09-03-2020,Rajasthan,1,0,0,27.0238,74.2179,0,1
09-03-2020,Tamil Nadu,1,0,0,11.1271,78.6569,0,1
09-03-2020,Telengana,1,0,0,18.1124,79.0193,0,1
09-03-2020,Union Territory of Jammu and Kashmir,1,0,0,33.7782,76.5762,0,1
09-03-2020,Union Territory of Ladakh,2,0,0,34.2996,78.2932,0,2
09-03-2020,Uttar Pradesh,7,0,0,26.8467,80.9462,0,7
08-03-2020,Delhi,3,0,0,28.7041,77.1025,0,3
08-03-2020,Haryana,0,14,0,29.0588,76.0856,0,14
08-03-2020,Kerala,8,0,3,10.8505,76.2711,0,8
08-03-2020,Rajasthan,1,0,0,27.0238,74.2179,0,1
08-03-2020,Tamil Nadu,1,0,0,11.1271,78.6569,0,1
08-03-2020,Telengana,1,0,0,18.1124,79.0193,0,1
08-03-2020,Union Territory of Ladakh,2,0,0,34.2996,78.2932,0,2
08-03-2020,Uttar Pradesh,7,0,0,26.8467,80.9462,0,7
07-03-2020,Delhi,3,0,0,28.7041,77.1025,0,3
07-03-2020,Haryana,0,14,0,29.0588,76.0856,0,14
07-03-2020,Kerala,3,0,3,10.8505,76.2711,0,3
07-03-2020,Rajasthan,1,0,0,27.0238,74.2179,0,1
07-03-2020,Tamil Nadu,1,0,0,11.1271,78.6569,0,1
07-03-2020,Telengana,1,0,0,18.1124,79.0193,0,1
07-03-2020,Union Territory of Ladakh,2,0,0,34.2996,78.2932,0,2
07-03-2020,Uttar Pradesh,7,0,0,26.8467,80.9462,0,7
06-03-2020,Delhi,3,0,0,28.7041,77.1025,0,3
06-03-2020,Haryana,0,14,0,29.0588,76.0856,0,14
06-03-2020,Kerala,3,0,3,10.8505,76.2711,0,3
06-03-2020,Rajasthan,1,0,0,27.0238,74.2179,0,1
06-03-2020,Telengana,1,0,0,18.1124,79.0193,0,1
06-03-2020,Uttar Pradesh,7,0,0,26.8467,80.9462,0,7
05-03-2020,Delhi,2,0,0,28.7041,77.1025,0,2
05-03-2020,Haryana,0,14,0,29.0588,76.0856,0,14
05-03-2020,Kerala,3,0,3,10.8505,76.2711,0,3
05-03-2020,Rajasthan,1,0,0,27.0238,74.2179,0,1
05-03-2020,Telengana,1,0,0,18.1124,79.0193,0,1
05-03-2020,Uttar Pradesh,7,0,0,26.8467,80.9462,0,7
04-03-2020,Delhi,1,0,0,28.7041,77.1025,0,1
04-03-2020,Haryana,0,14,0,29.0588,76.0856,0,14
04-03-2020,Kerala,3,0,3,10.8505,76.2711,0,3
04-03-2020,Rajasthan,1,0,0,27.0238,74.2179,0,1
04-03-2020,Telengana,1,0,0,18.1124,79.0193,0,1
04-03-2020,Uttar Pradesh,6,0,0,26.8467,80.9462,0,6
03-03-2020,Delhi,1,0,0,28.7041,77.1025,0,1
03-03-2020,Kerala,3,0,3,10.8505,76.2711,0,3
03-03-2020,Rajasthan,0,0,0,27.0238,74.2179,0,0
03-03-2020,Telengana,1,0,0,18.1124,79.0193,0,1
02-03-2020,Delhi,1,0,0,28.7041,77.1025,0,1
02-03-2020,Kerala,3,0,0,10.8505,76.2711,0,3
02-03-2020,Telengana,1,0,0,18.1124,79.0193,0,1
01-03-2020,Kerala,3,0,0,10.8505,76.2711,0,3
29-02-2020,Kerala,3,0,0,10.8505,76.2711,0,3
28-02-2020,Kerala,3,0,0,10.8505,76.2711,0,3
27-02-2020,Kerala,3,0,0,10.8505,76.2711,0,3
26-02-2020,Kerala,3,0,0,10.8505,76.2711,0,3
25-02-2020,Kerala,3,0,0,10.8505,76.2711,0,3
24-02-2020,Kerala,3,0,0,10.8505,76.2711,0,3
23-02-2020,Kerala,3,0,0,10.8505,76.2711,0,3
22-02-2020,Kerala,3,0,0,10.8505,76.2711,0,3
21-02-2020,Kerala,3,0,0,10.8505,76.2711,0,3
20-02-2020,Kerala,3,0,0,10.8505,76.2711,0,3
19-02-2020,Kerala,3,0,0,10.8505,76.2711,0,3
18-02-2020,Kerala,3,0,0,10.8505,76.2711,0,3
17-02-2020,Kerala,3,0,0,10.8505,76.2711,0,3
16-02-2020,Kerala,3,0,0,10.8505,76.2711,0,3
15-02-2020,Kerala,3,0,0,10.8505,76.2711,0,3
14-02-2020,Kerala,3,0,0,10.8505,76.2711,0,3
13-02-2020,Kerala,3,0,0,10.8505,76.2711,0,3
12-02-2020,Kerala,3,0,0,10.8505,76.2711,0,3
11-02-2020,Kerala,3,0,0,10.8505,76.2711,0,3
10-02-2020,Kerala,3,0,0,10.8505,76.2711,0,3
09-02-2020,Kerala,3,0,0,10.8505,76.2711,0,3
08-02-2020,Kerala,3,0,0,10.8505,76.2711,0,3
07-02-2020,Kerala,3,0,0,10.8505,76.2711,0,3
06-02-2020,Kerala,3,0,0,10.8505,76.2711,0,3
05-02-2020,Kerala,3,0,0,10.8505,76.2711,0,3
04-02-2020,Kerala,3,0,0,10.8505,76.2711,0,3
03-02-2020,Kerala,3,0,0,10.8505,76.2711,0,3
02-02-2020,Kerala,3,0,0,10.8505,76.2711,0,3
01-02-2020,Kerala,2,0,0,10.8505,76.2711,0,2
31-01-2020,Kerala,1,0,0,10.8505,76.2711,0,1
30-01-2020,Kerala,1,0,0,10.8505,76.2711,0,1
